channel,mean,variance,std
0,67.22180508238762,3949.234482160086,62.84293502184701
