channel,mean,variance,std
0,-12.643863376506332,26.352759317269882,5.133493870383979
1,-19.352558587825538,31.253754409122735,5.59050573822465
