channel,mean,variance,std
0,106.55334837676745,621.0459129564277,24.920792783465533
1,98.52317682210678,737.6389193011364,27.15950881921719
2,80.5437524735958,875.7810016796365,29.59359730887133
3,100.62992616540532,1063.7365636752838,32.61497453126836
