channel,mean,variance,std
0,54.09651652087077,2387.4941716597773,48.8619910734282
